Gene1	Gene2	strand	pred	gen_id_g1	gen_protein_id_g1	gen_star_g1	gen_end_g1	gen_strand_g1	gen_type_g1	gen_product_g1	gene_name_g1	protein_seq_g1	size_g1	dist	gen_id_g2	gen_protein_id_g2	gen_star_g2	gen_end_g2	gen_strand_g2	gen_type_g2	gen_product_g2	gene_name_g2	protein_seq_g2	size_g2
KVP08_001350	KVP08_001355	-1	True	KVP08_001350	QXN25281.1	279965	280151	-1	CDS	DUF2970 domain-containing protein		MLSRIWQVFHSTIAAFFGVQSDRNRQKDFQTNSPLPYILMGIVLAIALVASLILLVSQVVG	62.0	0	KVP08_001355	QXN25282.1	280150	280516	-1	CDS	hypothetical protein		MKGRLTQFSHILGSVTFKSSMMLAFTAVVVASLAFGVEKLTAGNDTPACACSSDTRYNNSLPSSHPNNRCAEQAQTLSWKTWLTGKNRSSQFHFVDLLELLHGHQDKPIDDMKPANSQQSY	122.0
KVP08_001560	KVP08_001565	-1	True	KVP08_001560	QXN25320.1	318950	319286	-1	CDS	hypothetical protein		MARMILLLDLGDWTGGHHGQSPYVVEFDSERLDSPFDVSEGWGHGLGGSSYSLARFVETEHYAQLKHHAPWAMTIIEQGLPTLDIEAIAQGLLAQYSSHRPNIPANLARYF	112.0	18	KVP08_001565	QXN25321.1	319303	319570	-1	CDS	Rho-binding antiterminator		MSDYKMIPCAHYDYLELACMHGYRLDIELQDGSLCQALAITTQTHADKTEWLVVEHQTGQQTLRLDSIIAITPTDPHASFGRVIIASQ	89.0
KVP08_003560	KVP08_003565	-1	True	KVP08_003560	QXN25687.1	787763	788096	-1	CDS	YggL family protein		MAKNRSRRLRKKLYSDEFTVYGFSVSCDLNIDKASEYDVFIDELLDFVESRNLMIGGGASHSKFDCFVVAEGRYDSVTEDDRTAIEIWFTNKPECTNVEISALVDVNFAI	111.0	9	KVP08_003565	QXN25688.1	788104	788290	-1	CDS	hypothetical protein		MMKREYLYEYEVKGLSRFSWFNSLRYRLTFFFGGISLIFSLGFTSYLSSITSDKLLNAYAK	62.0
KVP08_005490	KVP08_005495	-1	True	KVP08_005490	QXN26039.1	1234685	1235141	-1	CDS	hypothetical protein		MSLNEQESSLATQATPPLAKARLPKRLIALLLLYVAASVSGLIAKQGVLFCLLTLLMVLGIIGRQKAGLIMLRGYTLVQLALVSMLPVILYDPDNLVAGPTTVHLGEWQEKLPDYVIFIVLIVLSLLQVWVAFDKKVKAWFKPKLNLNIMN	152.0	20	KVP08_005495	QXN26040.1	1235160	1235541	-1	CDS	DUF2750 domain-containing protein		MSKTVKTFAEAAGMTPEGRYDYLVEQVKQHKVLWTLQDQDGCVMLTTEDEDCIPMWPTEEAAESWAVDDWSDCQTLAIPYDEWHERWVPGMEEDDLFVAVFPVQDDLGVVIPPYELDQRLVTKQSH	127.0
KVP08_006505	KVP08_006510	-1	True	KVP08_006505	QXN26227.1	1480706	1480868	-1	CDS	hypothetical protein		MPSNNAANLAAFLLPAIYRFLTPIPLKPNRLITLGNIYILSVKSADLPIELNT	54.0	8	KVP08_006510	QXN26228.1	1480875	1481340	-1	CDS	hypothetical protein		MTSNVAQHQTELSADIKLVNELIELTQTGVDFYTRANTTVDDYSLKRIFIAQIKTYQGMLARFKQLLTQSLQQMGQHSVPPSQTRPYADVDALLIKQQLADALAVLCELERQRLNHLKQLIKKANHPRLISQLAEDIAWLQIHLDTLHLRSQAL	155.0
KVP08_006525	KVP08_006530	-1	True	KVP08_006525	QXN26231.1	1484932	1485127	-1	CDS	hypothetical protein		MKPMTMITTAFLALLLTFGLSACSDNHAEDAGEKIDEAITDTGNAIEDACEELKEGVKAKDTRC	65.0	23	KVP08_006530	QXN26232.1	1485149	1485326	-1	CDS	DUF1328 domain-containing protein		MLGWTLMFLVVAIIAGLFGFTGIAGAAAGIAKIIFFLFIVLLVISLLVNALKGKAPRA	59.0
KVP08_011750	KVP08_011755	-1	True	KVP08_011750	QXN23324.1	2679000	2679342	-1	CDS	hypothetical protein		MSEDKYSIKIYLDYNIEDTVFKKFQKEWIDIEIFSRIKTQSCKAMYLMIQTTKFPEKSEFRISKEKIEKRLCANFKVEKSKVKNKNLKSQTNRIIKNTLNEITKLQTDIPHLI	114.0	29	KVP08_011755	QXN23325.1	2679370	2679781	-1	CDS	hypothetical protein		MEQVPYTLKNSLIPAILLHSPVFSPLKNSVVRDKVFFRHERTYQESITYMGYQLDSDLDFKLYSFIVSKSHSKKDWAISFSRNELFDALNIKFDRDYKKFQSLFIRIERFKDCKFVLEFCKSGIKNNKSDFSKKRF	137.0
KVP08_013490	KVP08_013495	-1	True	KVP08_013490	QXN23633.1	3085386	3085479	-1	CDS	DUF3265 domain-containing protein		MIRNAWHFYYALRLVIKVVCGGFGIALLTP	31.0	23	KVP08_013495	QXN27086.1	3085501	3085981	-1	CDS	hypothetical protein		MKKIIVLSLASLTLVGCGSPRYMGTPVPETNIKSEIVVVKDNETRSGFQNTIESWLQEHNYSYVVVPDNSKHDLNKLTLEYEGHWGWDLALYLKNAEITAYQGGQRVGEVKFKVPYTANPNKFGDASKRIGFMMDTLFGQMTPEQATQAANASSSTTPN	160.0
KVP08_014275	KVP08_014280	-1	True	KVP08_014275	QXN23759.1	3263140	3263689	-1	CDS	hypothetical protein		MIISPKVKKIAQFELLQREKHPDREYPFFNDFAYQWFERKKATWKNSYRNTIQNVLDKYLIPQFGNTLMNEITLSQVDFYRQQLMQMVRADNTRQLSNRRINNLLWLIVSMVSLAAEEYKFEYPLRRYRSLKEEKAESHPMTIKEVEDVKLALGTFYPLISRFAMLVSIDILPALKHGDSYS	183.0	-40	KVP08_014280	QXN23760.1	3263648	3263807	-1	CDS	DUF3596 domain-containing protein		MSKRLGKGTKMLATPKNLATAKTTLKKMNAEIDLGCFQYRDYFPKSKKNRSI	53.0
KVP08_019585	KVP08_019590	1	True	KVP08_019585	QXN24719.1	4462383	4462707	1	CDS	rhodanese-like domain-containing protein		MFQSLLAKLSGSSNGEKCWQLIDQGARVIDVRSPEEFASGHLPQAINVPLPTLDQWLHQVENKQHPFVLYCGAGIRAQKGCDILRANGFECVVNGGSLKDLVCCQPS	108.0	24	KVP08_019590	QXN24720.1	4462730	4462913	1	CDS	hypothetical protein		MREEVQMITKCPRPPSGEQLPQPKVVRATRYSVSRNRGQASTKVRYIETSAISLGCKLCE	61.0
KVP08_019960	KVP08_019965	-1	True	KVP08_019960	QXN24791.1	4542414	4542903	-1	CDS	hypothetical protein		MQPITAFTLRVSDTEALTQPLYFNLQATGAKIAGRQLEAQYRCILPNGTQGYLLLTSYDCPFEESTECSLLDTSFKLVASCSLSQSYHSFLLYAHWPVADNGLRLHYYDQLFWDLHILPSRLGRFGGPRLEFSPVANPECDPRTASSIAELSQRLANIETDR	163.0	29	KVP08_019965	QXN24792.1	4542931	4543354	-1	CDS	DUF2809 domain-containing protein		MPVHLFSRQPDRKSFLIYAVLLFIIEVLIARFVSSGFIRGFVGDVLVVILLFCMARTLVPVVNAKGESINRFWHTPWLALAVLLFAFGIEFGQYWGLVDKLGLGGNRLARIVIGSHFDPLDLLAYFVGYLILMGLYWKRN	141.0
